Date,Open,High,Low,Close,Volume
17-Mar-17,19.8,19.85,18.9,19.54,34251973
18-Mar-17,20.65,20.69,19.75,19.89,25630157
19-Mar-17,20.08,21.4,20.05,20.77,24985920
20-Mar-17,20.9,20.98,20.15,20.58,20033167
21-Mar-17,22.05,22.15,20.96,21.09,20605862
22-Mar-17,23.36,23.4,22,22.07,18337600
23-Mar-17,23.15,23.68,22.51,22.71,25803174
24-Mar-17,22.03,23.43,21.31,22.81,49834423
25-Mar-17,22.21,22.5,20.64,21.44,71899652
26-Mar-17,28.17,28.25,23.77,23.77,72938848
27-Mar-17,26.39,29.44,26.06,27.09,148227379
28-Mar-17,27.11,26.05,23.5,22.81,217109769
29-Mar-17,24.21,25.63,22.97,22.35,114190412
30-Mar-17,24.55,26.19,24,23.59,90272763
31-Mar-17,27.53,29.98,26.12,25.64,101241164
1-Apr-17,24.96,27.38,24.14,23.62,98427090
2-Apr-17,30.92,31.26,29.43,28.87,72015157
3-Apr-17,25.72,28.02,26.05,25.61,76655831
4-Apr-17,26.51,28.85,27.22,26.86,62340221
5-Apr-17,31.89,34.27,32.95,31.98,47962341
6-Apr-17,34.6,35.85,35,34.51,110067559
7-Apr-17,24.97,26.44,22.93,22.4,34010006
8-Apr-17,33.04,34.83,33.63,33.07,32351869
9-Apr-17,30.69,33.56,33.45,33.4,111130777
10-Apr-17,21.33,23.83,20.07,19.4,38969211
11-Apr-17,21.16,21.17,17.66,17.13,44359993
12-Apr-17,18.03,18.24,15.54,14.83,37677581
13-Apr-17,31.94,34.93,34.78,34.23,40993219
14-Apr-17,21.93,24.05,20.73,20.55,82275505
15-Apr-17,21.15,24.1,20.88,20.53,94818260
16-Apr-17,19.71,21.49,21.19,20.4,78741130
17-Apr-17,33.67,36.59,35.27,34.97,65307051
18-Apr-17,34.63,37.24,34.48,34.62,88149216
19-Apr-17,27.16,28.48,25.85,26.71,62726616
20-Apr-17,34.18,34.77,34.15,35.75,87212921
21-Apr-17,22.75,23.18,21.7,22.99,35979235
22-Apr-17,33.7,34.96,33.58,35.1,84958813
23-Apr-17,32.91,34.46,32.89,34.71,67522896
24-Apr-17,25.85,28.76,24.71,26.63,91009903
25-Apr-17,21.48,21.55,21.29,23.18,62437646
26-Apr-17,18.18,18.75,16.84,17.17,80405821
27-Apr-17,29.07,30.63,28.79,29.55,51944128
28-Apr-17,29.68,32.37,29.64,30.24,81862866
29-Apr-17,19.12,21.37,18.74,19.93,80735619
30-Apr-17,30.42,32.28,28.84,29.33,33757287
1-May-17,33.59,35.58,32.92,32.99,62398502
2-May-17,29.08,30.99,29.07,29.28,85930064
3-May-17,28.68,29.96,28.32,28.74,65586890
4-May-17,22.29,23.23,21.61,23.48,55461730
5-May-17,22.88,25.65,21.35,22.62,31968341
6-May-17,32.24,35.02,30.55,31.26,69576672
7-May-17,27.06,27.53,25.35,26.64,53099903
8-May-17,32.91,34.04,31.43,32.79,69969516
9-May-17,29.33,30.86,27.55,28.44,36005564
10-May-17,30.74,33.24,29.7,30.57,53009474
11-May-17,28.6,29.2,27.57,28.02,89642962
12-May-17,19.36,19.7,17.6,18.25,66262621
13-May-17,18.31,19.94,16.97,18.55,44086804
14-May-17,32.53,33.83,31.82,31.91,32634232
15-May-17,27.53,29.94,26.77,28.1,58779530
16-May-17,34.04,35.36,32.89,34.36,83369813
17-May-17,33.04,34.06,31.44,31.98,31203537
18-May-17,18.09,18.84,17.98,18.84,30314762
19-May-17,33.68,35.93,33.63,34.48,78932439
20-May-17,29.1,31.54,27.87,28.01,22574471
21-May-17,22.4,24,21.49,22.94,47144403
22-May-17,24.54,25.96,23.21,23.96,65717228
23-May-17,28.38,31.38,27.71,28.66,72135053
24-May-17,21.62,24.34,20.41,21.68,74222694
25-May-17,18.3,21.29,16.81,17.12,60865909
26-May-17,34.75,35.14,33.5,34.7,89314653
27-May-17,18.08,18.3,17.44,17.96,34934117
28-May-17,23.96,25.02,22.06,22.86,76696979
29-May-17,34.89,35.83,33.71,34.33,65882049
30-May-17,28.14,30.16,26.93,27.86,78532840
31-May-17,30.9,33.86,30.09,30.71,28320214
1-Jun-17,31.22,34.11,29.33,30.49,39956337
2-Jun-17,27.55,29.64,26.88,28.69,22142818
3-Jun-17,23.46,26.12,23.34,25.19,34236382
4-Jun-17,26.64,28.7,25.86,26.13,83893187
5-Jun-17,33.56,33.69,32.89,33.4,61731473
6-Jun-17,32.64,33.19,32.24,32.74,67680271
7-Jun-17,19.37,19.91,18.79,19.96,94804625
8-Jun-17,34.51,36.14,33.71,35.67,73827596
9-Jun-17,28.94,30.06,27.43,29.06,60797874
10-Jun-17,23.33,25.55,23.13,25.01,59730441
11-Jun-17,30.23,30.55,29.11,30.24,22855533
12-Jun-17,29.37,32.35,27.94,28.04,53451895
13-Jun-17,25.55,26.89,24.36,25.96,93259358
14-Jun-17,34.31,35.52,33.03,33.75,87475299
15-Jun-17,29.98,31.68,29.66,30.2,53646715
16-Jun-17,30.25,30.28,29.8,31.43,37951535
17-Jun-17,22.12,23.06,21.93,22.43,80866073
18-Jun-17,19.17,20.99,19.1,20.36,80698873
19-Jun-17,28.97,29.63,27.26,27.3,73165173
20-Jun-17,22.79,24.97,21.37,22.38,80779950
21-Jun-17,30.73,33.32,30.27,31.41,55277127
22-Jun-17,20.25,21.9,19.08,19.43,32470982
23-Jun-17,18.58,18.68,17.54,18.58,86804156
24-Jun-17,26.97,29.17,26.59,27.44,40216393
25-Jun-17,18.37,18.46,16.75,16.94,27299414
26-Jun-17,31.17,32.48,31.12,31.58,87015104
27-Jun-17,30.72,33.62,30.69,31.3,71937575
28-Jun-17,22.58,24.07,22.17,22.61,32369328
29-Jun-17,29.83,32.46,28.59,30.55,55352404
30-Jun-17,24.29,26.82,23.73,24.73,58678137
1-Jul-17,22.26,22.44,21.51,21.64,39773837
2-Jul-17,18.17,18.2,17.97,18.13,80191791
3-Jul-17,33.36,34.9,32.95,34.71,52959065
4-Jul-17,30.52,32.53,30.28,30.5,61539325
5-Jul-17,23.78,25.04,23.01,23.54,74203973
6-Jul-17,33.75,35.01,32.55,32.98,68590199
7-Jul-17,29.73,30.87,28.5,28.68,79268642
8-Jul-17,21.7,24.27,20.26,22.08,82021214
9-Jul-17,22.33,24.72,20.63,20.68,60932782
10-Jul-17,32.38,32.49,32,32.06,71870806
11-Jul-17,19.72,22.11,18.54,19.85,58247867
12-Jul-17,27.46,30.11,27.03,27.61,85716364
13-Jul-17,19.04,20.2,17.05,17.32,91258607
14-Jul-17,24,24.94,22.59,22.88,47032738
15-Jul-17,23.38,25.38,22.67,23.37,39739257
16-Jul-17,19.35,21.03,18.4,18.76,57991807
17-Jul-17,18.6,18.75,17.63,17.9,79046934
18-Jul-17,23.95,25.85,23.22,25.18,78901874
19-Jul-17,25.26,25.3,25.16,26,66400880
20-Jul-17,25.53,27.69,23.8,24,62338964
21-Jul-17,19.87,20.21,17.98,18.11,61676354
22-Jul-17,18.61,19.4,18.44,18.86,51778706
23-Jul-17,21.88,24.75,21.19,22.97,86411065
24-Jul-17,20.38,21.02,19.78,20.02,77975429
25-Jul-17,18.18,19.82,17.12,18.73,88874699
26-Jul-17,32.33,34.05,31.87,32.97,89251104
27-Jul-17,20.96,22.86,19.09,21.08,43432205
28-Jul-17,18.77,20.47,18.67,19.45,68756580
29-Jul-17,21.46,22.48,21.05,21.57,73312292
30-Jul-17,30.35,32.83,30.14,31.27,56931043
31-Jul-17,29.22,31.91,28.12,29.89,38069970
1-Aug-17,22.89,24.32,22.38,22.49,30855604
2-Aug-17,32.95,33.45,32.6,32.93,62653243
3-Aug-17,28.99,29.41,27.68,29.34,92052077
4-Aug-17,34.66,37.26,34.29,34.34,29901507
5-Aug-17,19.4,20.12,18.91,19.81,68835337
6-Aug-17,32.8,33.03,31.83,32.17,80847307
7-Aug-17,23.84,26.4,22.32,23.95,82350857
8-Aug-17,30.4,31.77,29.5,30.27,70221743
9-Aug-17,20.18,22.6,20.14,21.26,45678368
10-Aug-17,34.48,35.69,34.38,35.05,84171739
11-Aug-17,28.82,28.89,27.7,27.74,95232646
12-Aug-17,19.76,19.77,19.41,20.41,22769641
13-Aug-17,33.29,33.69,32.35,33.08,92722777
14-Aug-17,30.34,30.52,29.19,29.6,29385283
15-Aug-17,26.39,27.78,25.78,27.25,26621351
16-Aug-17,32.98,33.88,31.62,33.58,93485773
17-Aug-17,26.22,26.47,24.69,25.78,56184007
18-Aug-17,31.62,33.72,30.38,32.33,57590857
19-Aug-17,26,28.92,25.15,25.82,79139757
20-Aug-17,23.73,24.12,22.26,23.79,91619285
21-Aug-17,24.14,24.67,22.75,23.85,23799034
22-Aug-17,28.57,30.89,26.93,27.13,37663808
23-Aug-17,31.37,31.38,29.42,30.08,90912958
24-Aug-17,20.59,20.86,19.93,21.3,40019492
25-Aug-17,34.05,36.71,32.96,32.99,36976553
26-Aug-17,28.46,29.85,27.54,29.19,82452797
27-Aug-17,20.21,21.22,19.58,19.87,81608796
28-Aug-17,18.65,19.4,17.85,19.13,23734194
29-Aug-17,19.49,19.74,18.16,19.75,67087602
30-Aug-17,22.88,25.35,22.19,23.13,27222324
31-Aug-17,18.51,20.48,16.66,18.53,25349970
1-Sep-17,30.59,32.84,30.08,30.34,36393164
2-Sep-17,31.95,34.47,31.33,31.89,87850075
3-Sep-17,19.37,20.39,18.77,18.83,25767710
4-Sep-17,32.99,33.83,32.18,33.64,38243397
5-Sep-17,32.68,33.15,32.04,32.84,22228468
6-Sep-17,34.02,36.75,32.29,33.89,57269860
7-Sep-17,19.55,21.16,19.5,20.16,39069266
8-Sep-17,23.1,24.04,22.16,23.74,93429304
9-Sep-17,29.5,31.11,27.61,29.42,25773479
10-Sep-17,21.26,21.8,20.83,21,79297903
11-Sep-17,34.86,36.06,33.37,35.31,53239628
12-Sep-17,25.47,27.86,23.86,25.71,20721304
13-Sep-17,29.23,31.89,28.43,29.33,92483609
14-Sep-17,34.95,36.37,34.03,34.7,52425503
15-Sep-17,22.4,24.9,22.03,22.84,91219107
16-Sep-17,27.09,29.66,25.53,26.62,56379141
17-Sep-17,24.45,25.13,24.24,26.1,82474383
18-Sep-17,28.55,31.27,26.83,28.35,93025829
19-Sep-17,24.33,27.03,22.65,24.25,62698273
20-Sep-17,33.46,35.79,32.59,33.15,32873400
21-Sep-17,24.63,25.23,24.26,24.33,34085290
22-Sep-17,34.66,37.07,33.52,34.62,51998176
23-Sep-17,30.31,33.26,29.63,30.9,67852688
24-Sep-17,30.34,32.42,30,31.09,63744626
25-Sep-17,32.33,33.6,30.61,30.96,32924377
26-Sep-17,28.67,30.21,26.97,28.96,23383447
27-Sep-17,28.75,29.51,27.27,28.39,57117620
28-Sep-17,20.71,22.06,19.98,21.34,58742090
29-Sep-17,31.33,32.51,29.93,29.94,42603989
30-Sep-17,27.67,28.2,27.03,28.68,57941569
1-Oct-17,27.74,29.88,26.02,27.62,64259790
2-Oct-17,26.19,26.7,25.12,26.88,88995462
3-Oct-17,27.2,29.61,26.4,28.26,89821579
4-Oct-17,18.83,21.26,17.07,18.94,26347899
5-Oct-17,20.5,20.67,19.08,20.27,88682781
6-Oct-17,24.46,27.17,22.89,24.87,55878376
7-Oct-17,22.67,22.77,21.36,22.15,67039146
8-Oct-17,34.65,35.24,32.93,33.59,63584102
9-Oct-17,27.51,28.18,26.04,27.61,94137272
10-Oct-17,18.74,21.14,18.25,18.74,51130226
11-Oct-17,26.22,26.26,24.52,24.58,30253514
12-Oct-17,24.08,24.72,22.55,22.79,64567082
13-Oct-17,24.23,26.58,24.01,24.72,60090098
14-Oct-17,32.28,33.49,31.93,33.29,22151004
15-Oct-17,26.74,29.2,26.58,27.46,60783241
16-Oct-17,24.39,25.24,22.91,23.52,90026471
17-Oct-17,22.4,24.93,21.58,23.57,29303346
18-Oct-17,32.64,33.42,30.79,32.73,34014906
19-Oct-17,26.16,27.22,24.66,25.04,24379027
20-Oct-17,18.51,19.64,18.28,19.21,49541559
21-Oct-17,23.08,25.51,22.39,23.86,70466273
22-Oct-17,26.85,27.09,25.12,25.24,87643512
23-Oct-17,18.39,19.95,17.63,18.13,55874806
24-Oct-17,19.54,20.61,19.51,20.28,61928767
25-Oct-17,27.15,29.51,25.37,26.45,88645447
26-Oct-17,20.06,20.99,18.7,20.3,35252668
27-Oct-17,34.07,35.36,33.33,33.82,53352134
28-Oct-17,19.31,20.97,17.76,18.68,52306657
29-Oct-17,25.99,26.6,24.15,24.46,42489076
30-Oct-17,24.12,24.3,22.72,23.01,58118939
31-Oct-17,19.23,21.98,19.17,19.62,26892345
1-Nov-17,20.35,21.17,20.21,20.59,83718865
2-Nov-17,19.12,20.99,17.38,19.19,73256580
3-Nov-17,18.57,20.65,18.03,19.66,56091865
4-Nov-17,23.27,23.53,22.12,22.43,47212978
5-Nov-17,18.04,19.54,17.81,19.02,92883474
6-Nov-17,24.71,27.66,23.23,23.32,59875804
7-Nov-17,18.17,18.51,17.16,18.75,79522931
8-Nov-17,28.22,30.89,27.59,27.71,91718757
9-Nov-17,23.14,24.54,22.91,23.53,45127983
10-Nov-17,33.95,35.87,33.3,34.45,39488115
11-Nov-17,24.13,26.37,23.47,24.77,21065134
12-Nov-17,21.96,22.13,20.85,22.14,85180069
13-Nov-17,33.42,33.99,32.13,33.09,89077892
14-Nov-17,24.41,24.58,24.27,24.59,76342938
15-Nov-17,18.03,18.99,16.22,18.03,53276326
16-Nov-17,31.26,34.26,30.1,32.08,88199253
17-Nov-17,32.08,32.37,31.4,32.11,80615399
18-Nov-17,23.86,26.7,22.5,22.85,57801451
19-Nov-17,23.42,24.2,22.83,23.43,69698580
20-Nov-17,22.4,23.71,20.61,21.1,89952277
21-Nov-17,32.65,33.07,31.45,33.27,79565102
22-Nov-17,26.29,26.81,26.24,27.44,64919106
23-Nov-17,32.36,33.8,31.21,32.1,33387936
24-Nov-17,24.47,27.03,22.67,23.29,87345573
25-Nov-17,31.5,32.17,29.69,31.05,81631565
26-Nov-17,23.74,26.22,22.66,23.62,78875036
27-Nov-17,21.78,22.3,21.37,22.23,80915972
28-Nov-17,21.25,21.67,19.53,20.32,89951939
29-Nov-17,26.19,28.36,24.27,26.12,49774270
30-Nov-17,34.43,35.4,32.6,32.73,81957278
1-Dec-17,21.04,23.08,19.19,20.92,34883881
2-Dec-17,34.82,35.43,33.8,35.77,64386784
3-Dec-17,28.83,31.42,26.88,27.06,88859534
4-Dec-17,20.77,21.59,20.71,21.74,27676429
5-Dec-17,29.28,29.66,28.64,29.35,86763977
6-Dec-17,26.04,26.05,25.19,25.64,77591271
7-Dec-17,25.67,28.47,24.17,24.77,30398688
8-Dec-17,24.37,26.72,23.99,24.74,23855652
9-Dec-17,19.81,20.55,18.35,19.71,47110931
10-Dec-17,18.96,19.95,17.63,19.06,61745396
11-Dec-17,26.79,27.48,24.9,26.74,61513851
12-Dec-17,27.02,28.75,26.13,27.96,51213401
13-Dec-17,19.2,22.16,19.06,20.96,36730648
14-Dec-17,24.16,26.6,24.14,25.94,87504768
15-Dec-17,25.42,26.3,24.17,25.83,82488603
16-Dec-17,19.17,19.21,17.91,18.49,89783457
17-Dec-17,20.46,20.61,20.37,20.37,93129481
18-Dec-17,18.14,19.79,16.9,17.72,32672313
19-Dec-17,23.35,25.84,23.05,23.82,58197152
20-Dec-17,31.42,32.17,29.79,30.78,23380679
21-Dec-17,29.07,30.15,28.32,30.23,79735944
22-Dec-17,32.6,34.39,31.01,31.23,92364225
23-Dec-17,24.15,25.18,23,23.7,29410485
24-Dec-17,33.14,35.4,31.19,31.62,27968881
25-Dec-17,30.16,32.91,29.28,29.43,21997903
26-Dec-17,25.94,27.24,25.18,26.92,38849406
27-Dec-17,33,34.8,31.87,32.58,69902050
28-Dec-17,25.57,28.37,25.17,25.87,41785116
29-Dec-17,21.52,21.84,19.67,19.93,85492394
30-Dec-17,31.73,33.27,31.5,32.79,34062415
31-Dec-17,27.89,30.36,26.36,27.53,21449752
1-Jan-18,20.34,21.98,19.09,21.01,76861849
2-Jan-18,34.31,34.37,33.89,35.1,24195228
3-Jan-18,25.61,27.02,25.47,25.51,74620982
4-Jan-18,19,19.82,18,18.14,31800108
5-Jan-18,20.78,22.28,18.96,20.24,87532761
6-Jan-18,24.53,27.44,24.2,25.51,54567829
7-Jan-18,31.48,31.92,30.66,31.52,35542322
8-Jan-18,34.36,36.67,34.35,36.3,58349996
9-Jan-18,31.7,34.05,30.81,32.24,66256664
10-Jan-18,30.71,32.88,29.57,29.73,77750427
11-Jan-18,20.37,22.03,19.44,20.91,76591478
12-Jan-18,19.3,20.78,18.27,18.46,45392193
13-Jan-18,22.43,24.42,20.82,22.08,51972361
14-Jan-18,25.42,27.97,23.52,24.44,81313663
15-Jan-18,30.24,32.44,29.4,30.4,73135563
16-Jan-18,33.56,33.77,33.25,33.72,36328940
17-Jan-18,30.3,31.42,29.53,30.41,29243812
18-Jan-18,30.02,30.25,28.59,29.69,95200578
19-Jan-18,31.86,33,31.6,33.44,54972600
20-Jan-18,29.02,31.74,27.2,27.9,84798909
21-Jan-18,24.7,27.29,24.67,25.21,87891539
22-Jan-18,31.25,31.33,30.62,30.9,21033699
23-Jan-18,20.91,22.29,19.39,19.93,35897813
24-Jan-18,20.44,20.69,18.83,19.15,94757901
25-Jan-18,28.97,30.29,28.84,29.61,26864476
26-Jan-18,20.26,22.52,19.1,19.38,28501975
27-Jan-18,19.7,21.53,17.87,19.03,59720336
28-Jan-18,32.2,33.18,30.89,32.59,56755678
29-Jan-18,27.42,29.81,25.74,26.33,21336464
30-Jan-18,33.08,35.47,31.61,32.17,46856995
31-Jan-18,34.29,36.94,33.25,34.82,65356060
1-Feb-18,28.53,30.14,28.05,29.56,67399452
2-Feb-18,33.54,36.05,33.14,33.29,58452445
3-Feb-18,24.67,25.99,23.19,23.95,85799080
4-Feb-18,26.9,29.26,25.8,27.18,64303134
5-Feb-18,18.33,19.96,16.77,18.25,47037413
6-Feb-18,32.25,33.72,30.64,31.57,34379375
7-Feb-18,32.65,34.16,32.33,33.31,51220619
8-Feb-18,31.66,33.54,30.48,30.59,38450306
9-Feb-18,29.86,31.39,27.99,28.37,48371213
10-Feb-18,24.93,27.32,23.43,23.84,79789577
11-Feb-18,29.12,30.56,27.13,28.76,28178189
12-Feb-18,30.11,31.22,29.81,31.55,47464351
13-Feb-18,21.94,22.72,20.55,21.28,37023378
14-Feb-18,28.89,31.2,28.25,30.06,74011477
15-Feb-18,21.65,21.81,20.38,21.13,90813260
16-Feb-18,20.28,20.95,19.26,20.77,46821446
17-Feb-18,33.91,35.86,33.75,35.12,23788237
18-Feb-18,30.98,33.53,30.63,31.62,62407219
19-Feb-18,21.93,22.91,20.84,20.84,86801999
20-Feb-18,30.73,33.1,30.09,32.07,38047195
21-Feb-18,21.2,21.67,20.7,22.34,57680746
22-Feb-18,25.4,26.63,25.4,26.73,45157883
23-Feb-18,23.33,24.71,21.36,23.15,85887139
24-Feb-18,34.03,36.89,33.94,35.79,95105092
25-Feb-18,21.55,23.28,21.35,22.94,42230206
26-Feb-18,31.25,34.08,30.07,32.04,31465602
27-Feb-18,30.54,30.88,30.14,31.89,42597880
28-Feb-18,30.2,30.54,29.11,30.52,93288432
1-Mar-18,31.57,31.76,31.52,32.62,63879475
2-Mar-18,30.49,31.56,29.44,31.24,68611325
3-Mar-18,27.89,28.12,27.45,28.91,85556572
4-Mar-18,21.12,21.88,20.31,22.16,56493068
5-Mar-18,26.7,28.68,25.31,25.39,91316461
6-Mar-18,33.92,35.61,32.55,34.32,45084696
7-Mar-18,32.83,35.58,32.7,33.6,87846551
8-Mar-18,34.62,35.11,33.93,35.19,48878914
9-Mar-18,33.26,36.19,32.96,34.67,53011023
10-Mar-18,30.25,32.8,28.76,29.01,42141675
11-Mar-18,27.45,29.63,25.75,27.53,21778153
12-Mar-18,22.05,23.67,20.68,22.11,76951156
13-Mar-18,26.48,28.13,24.81,26.62,21665396
14-Mar-18,32.69,33.71,31.43,32.7,74087887
15-Mar-18,24.31,26.26,23.72,25.54,51302767
16-Mar-18,26.1,26.66,25.58,27.33,31964016
17-Mar-18,25.61,28.53,25.53,26.35,75529667
18-Mar-18,25.65,27.23,25.42,26.96,92814497
19-Mar-18,33.29,33.68,32.54,33.85,52956923
20-Mar-18,19.4,21.92,18.64,19.57,34167458
21-Mar-18,19.16,22.01,18.48,19.89,29555236
22-Mar-18,24.59,26.16,23.44,23.91,46658197
23-Mar-18,25.88,27.58,24.72,26.21,52061593
24-Mar-18,19.91,21.44,18.82,19.79,32013554
25-Mar-18,29.89,31.53,29.28,29.7,94522488
26-Mar-18,29.3,31.84,28.98,29.83,30742744
27-Mar-18,27.75,29.47,26.6,28.23,23130037
28-Mar-18,30.2,31.59,28.32,29.77,82962163
29-Mar-18,22.87,23.12,21.65,22.69,88121923
30-Mar-18,18.79,21.58,16.89,17.76,63323192
31-Mar-18,27.69,28.68,27.38,27.46,87168259
1-Apr-18,20.09,22.79,19.11,21.02,72676949
2-Apr-18,21.03,23.85,19.98,20.19,21541103
3-Apr-18,20.42,20.93,19.27,21.23,33461812
4-Apr-18,28.01,30.31,27.5,28.22,35972453
5-Apr-18,29.25,30.11,28.97,29.5,90233716
6-Apr-18,31.95,34.91,31.69,32.67,34338110
7-Apr-18,23.76,26.17,22.38,24.24,26360893
8-Apr-18,33.04,34.24,32.58,33.48,58878631
9-Apr-18,29.87,30.87,29.63,31.45,79264668
10-Apr-18,27.72,27.85,27.57,27.99,92523208
11-Apr-18,29.29,31.03,27.69,29.33,68762185
12-Apr-18,19.19,20.92,17.98,18.01,31932761
13-Apr-18,24.9,25.46,23.29,23.79,91440907
14-Apr-18,20.75,23.46,20.68,21.88,30648381
15-Apr-18,26.34,26.65,25.42,26.73,35688278
16-Apr-18,18.78,20.73,17.36,19.22,82889861
17-Apr-18,19.3,21.31,18.54,19.93,87392935
18-Apr-18,29.58,30.83,28.43,29.42,24919533
19-Apr-18,25.92,28.05,24.11,25.53,69250437
20-Apr-18,20.8,22.77,19.18,20.8,42820733
21-Apr-18,28.58,30.29,27.52,27.93,94719898
22-Apr-18,20.54,22.21,20.31,20.81,35552971
23-Apr-18,29.88,31.8,29.85,31.39,66043120
24-Apr-18,24.91,25.2,23.07,23.94,65800965
25-Apr-18,28.8,29.35,28.55,30.07,31084490
26-Apr-18,34.91,37.4,34.35,35.79,37158161
27-Apr-18,19.82,20.6,18.82,19.2,62717269
28-Apr-18,34.46,36.45,32.84,32.91,52017873
29-Apr-18,29.47,31.92,28.97,29.35,84693911
30-Apr-18,31.2,31.89,29.91,31.8,89251605
1-May-18,24.17,26.32,24.14,25.95,64869318
2-May-18,31.14,33.68,29.36,29.67,62911102
3-May-18,18.46,20.5,18.11,18.65,56849568
4-May-18,19.25,22.06,18.26,19.85,79555848
5-May-18,28.92,30.09,27.72,29.59,89234493
6-May-18,24.73,27.55,24.53,26.37,21641033
7-May-18,25.12,25.69,25.02,26.66,81356651
8-May-18,27.88,28.4,26.03,27.96,36858545
9-May-18,25.31,26.99,23.4,23.75,29846630
10-May-18,28.82,31.05,28.17,29.99,60156561
11-May-18,18.58,19.3,17.27,18.71,52906762
12-May-18,23.43,24.55,21.59,23.09,48819043
13-May-18,18.17,19.25,17.31,19.24,57865046
14-May-18,28.77,29.41,27.42,27.75,90283079
15-May-18,33.91,34.81,31.96,32.77,51623091
16-May-18,34.42,35.41,33.18,33.61,75652977
17-May-18,27.67,28.86,25.75,26.66,90745439
18-May-18,26.57,27.59,26.41,27.83,66407855
19-May-18,18.67,20.25,18.13,19.32,67752563
20-May-18,19.81,21.74,19.16,19.32,32275440
21-May-18,19.86,20.79,18.45,18.74,21185015
22-May-18,19.36,20.19,18.74,20.06,57927598
23-May-18,21.52,22.95,21.15,21.82,57057232
24-May-18,23,23.73,22.67,24.04,55309642
25-May-18,25,26.38,23.63,25.26,21195233
26-May-18,23.05,23.06,21.09,22.08,59436319
27-May-18,30.36,32.14,30.34,31.05,79592474
28-May-18,25.86,27.63,24.57,26.42,28941129
29-May-18,23.1,25.04,22.3,23.12,26867736
30-May-18,28.07,30.43,26.95,27.09,90116776
31-May-18,19.56,21.38,18.97,19.9,86174902
1-Jun-18,26.65,27.94,24.75,25.1,86612560
2-Jun-18,28.55,30.35,27.6,28.58,85942208
3-Jun-18,26.8,28.88,26.23,27.72,90538036
4-Jun-18,23.07,25.4,22.64,22.7,55901257
5-Jun-18,30.43,32.06,28.5,30.11,64597767
6-Jun-18,22.94,24.08,21.08,21.32,42049041
7-Jun-18,32.09,32.2,30.54,31.86,89533053
8-Jun-18,20.71,20.87,18.92,20.22,58807749
9-Jun-18,19.6,20.22,19.54,20.16,48113675
10-Jun-18,31.51,34.05,31.32,31.72,93505108
11-Jun-18,18.2,18.93,16.23,16.66,70070593
12-Jun-18,25.6,26.78,25.16,27.11,37719026
13-Jun-18,29.19,30.52,27.65,28.22,81439792
14-Jun-18,24.8,27.62,24.57,24.94,62786414
15-Jun-18,22.74,25.35,20.88,21.9,80359060
16-Jun-18,18.86,20.09,17.71,19.67,34905331
17-Jun-18,24.81,26.56,24.35,25.3,48170120
18-Jun-18,22.9,25.24,22.75,23.63,41624362
19-Jun-18,18.36,19.38,18.29,20.14,31740747
20-Jun-18,23.46,23.89,22.48,24.13,56187408
21-Jun-18,28.95,30.65,28.72,30.45,81473591
22-Jun-18,23.59,26.41,23.04,23.95,65853399
23-Jun-18,22.28,24.82,21.94,23.12,68043816
24-Jun-18,30.92,33.47,29.68,31.32,41237864
25-Jun-18,25.89,26.96,24.09,25.45,67204140
26-Jun-18,34.18,35.12,33.03,34.61,32658635
27-Jun-18,28.65,29.62,27.61,29.5,83834844
28-Jun-18,32.98,34.3,31.04,32.92,38355725
29-Jun-18,31.84,31.91,30.85,31.53,48799975
30-Jun-18,20.84,20.93,20.12,20.62,72256341
1-Jul-18,25.78,28.38,25.68,27.65,81180148
2-Jul-18,28.39,31.01,27.32,28.52,61473219
3-Jul-18,26.77,27.26,26.59,28.47,43893705
4-Jul-18,27.24,30.22,25.95,27.49,80278151
5-Jul-18,32.54,35.4,31.89,32.52,27136249
6-Jul-18,26.8,28.81,25.78,26.72,67658683
7-Jul-18,26.65,29.17,25.54,26.98,55088006
8-Jul-18,23.86,24.15,23.19,24.86,52919625
9-Jul-18,30.55,31.36,30.27,32.02,21553292
10-Jul-18,31.34,32.86,31.32,32.96,36633680
11-Jul-18,32.48,33.15,30.87,32.72,74897784
12-Jul-18,29.22,29.4,29.01,30.02,79391219
13-Jul-18,28.01,29.68,26.76,26.95,53431953
14-Jul-18,26.17,27.93,24.82,25.58,86837116
15-Jul-18,31.44,33.87,29.57,29.89,36471435
16-Jul-18,34.11,36.73,32.15,33.16,33883893
17-Jul-18,27.33,28.36,26.55,26.69,72379237
18-Jul-18,25.64,26.56,25.37,25.86,31937848
19-Jul-18,21.59,22.59,20.03,20.36,23226958
20-Jul-18,28.33,30.84,27.96,29.73,37390814
21-Jul-18,29.18,29.66,27.89,29.64,26773728
22-Jul-18,20.47,21.53,18.53,18.59,82565479
23-Jul-18,24.55,25.66,23.28,23.3,29947971
24-Jul-18,24.6,25.72,23.25,24.41,69053649
25-Jul-18,30.84,31.58,29.17,30.29,60075713
26-Jul-18,19.22,21.52,18.22,20.17,27747021
27-Jul-18,24.41,24.96,23.92,23.99,48879088
28-Jul-18,27.59,29.45,26.47,28.26,94882943
29-Jul-18,19.16,20.16,18.3,19.24,84200649
30-Jul-18,33.22,35.47,31.46,32.43,70611638
31-Jul-18,26.38,27.61,24.99,26.04,67463618
1-Aug-18,23.13,23.92,23.01,24.41,61082236
2-Aug-18,31.2,32.82,30,30.84,50648589
3-Aug-18,34.2,37.03,33.01,33.13,25680096
4-Aug-18,29.22,31.53,28.3,29.48,23962009
5-Aug-18,33.23,33.44,31.86,32.53,75728673
6-Aug-18,24.53,27.4,23.07,24.51,83099136
7-Aug-18,27.87,29.88,26.75,27.31,92685985
8-Aug-18,18.76,19.43,18.25,19.22,27988926
9-Aug-18,21.32,22.79,20.5,21.02,33416769
10-Aug-18,27.24,28.02,25.87,26.71,48505253
11-Aug-18,30.47,33.28,28.94,30.34,70787248
12-Aug-18,34.94,37.26,33.38,34.21,58421225
13-Aug-18,29.04,31.54,28.14,29.54,32466217
14-Aug-18,22.69,24.84,22.41,24.12,27369673
15-Aug-18,23.69,25.32,23.61,23.98,77537440
16-Aug-18,26.76,28.26,25.48,26.65,45497503
17-Aug-18,26.53,26.59,25.25,26.04,36963339
18-Aug-18,33.24,33.94,32.84,33.11,29829807
19-Aug-18,31.26,34.2,29.62,30.18,33160176
20-Aug-18,28.19,28.19,26.91,27.31,54783318
21-Aug-18,25.79,26.3,25.38,26.29,33035225
22-Aug-18,27.42,28.4,25.73,26.42,44215110
23-Aug-18,25.35,26.8,25.26,26.79,21031376
24-Aug-18,18.64,18.8,17.15,17.9,80642944
25-Aug-18,28.09,28.89,26.48,27.43,48862713
26-Aug-18,29.86,31.06,29.27,30.63,93130568
27-Aug-18,34.86,37.85,34.09,34.91,72754952
28-Aug-18,25.73,27.13,25.67,26.96,60661292
29-Aug-18,33.38,33.42,32.41,32.42,26663537
30-Aug-18,18,20.6,16.67,16.9,89983380
31-Aug-18,22.63,22.75,21.38,22.22,60085495
1-Sep-18,32.73,32.93,32.39,32.67,69635603
2-Sep-18,24.88,26.77,23.04,23.73,64329721
3-Sep-18,18.53,18.55,16.97,18.11,42431614
4-Sep-18,28.4,31.28,27.16,27.34,50024165
5-Sep-18,25.9,27.37,24.59,26.08,47444752
6-Sep-18,34.5,36.37,33.38,33.76,57182704
7-Sep-18,22.43,24.08,20.88,22.28,86952793
8-Sep-18,29.54,31.11,29.06,29.8,47771900
9-Sep-18,27.86,30.18,26.08,27.4,62644136
10-Sep-18,25.61,26.03,25.31,26.01,24764199
11-Sep-18,21.96,23.39,20.77,21.38,72865268
12-Sep-18,29.74,32.18,28.02,29.12,30029484
13-Sep-18,22,22.12,21.9,22.94,61086180
14-Sep-18,34.94,36.99,33.73,35.01,28772093
15-Sep-18,32.71,34.31,32.16,33.91,64935639
16-Sep-18,24.88,25.33,23.47,24.75,79847035
17-Sep-18,34.44,35.45,33.47,34.24,44703677
18-Sep-18,33.37,34.47,33.17,33.54,88665178
19-Sep-18,20.3,20.93,18.72,18.73,85760778
20-Sep-18,25.31,25.98,24.25,25.26,84242457
21-Sep-18,33.52,33.9,32.18,33.55,58447224
22-Sep-18,31.8,31.92,29.87,31.01,35461154
23-Sep-18,22.05,24.12,20.21,21.43,63822263
24-Sep-18,21.92,23.94,21.88,23.48,58287963
25-Sep-18,33.62,34.24,32.16,33.3,62813008
26-Sep-18,23.31,24.37,22.84,23.04,89362210
27-Sep-18,24.43,24.68,23.99,25.61,66563341
28-Sep-18,22.99,25.76,22.09,22.34,80027799
29-Sep-18,19.28,21.47,17.34,18.55,26411705
30-Sep-18,21.95,24.63,20.11,21.85,68436651
1-Oct-18,30.9,32.3,29.63,30.31,35878572
2-Oct-18,30.1,32.38,28.67,30.22,81331225
3-Oct-18,25.15,27.64,24.5,25.24,21243009
4-Oct-18,21.74,23.9,19.78,21.58,86426525
5-Oct-18,18.07,20.6,17.9,19.67,83231043
6-Oct-18,23.22,24.24,22.69,24.39,71769565
7-Oct-18,31.07,33.04,30.22,31.85,71352962
8-Oct-18,24.81,27.76,24.2,24.98,61262859
9-Oct-18,22.99,25.32,22.4,22.44,72304155
10-Oct-18,26.94,28.75,25.7,27.2,31594506
11-Oct-18,21.43,21.95,19.61,20.89,56716669
12-Oct-18,22.12,22.63,21.3,21.75,44860894
13-Oct-18,19.13,20.19,17.96,19.34,81267400
14-Oct-18,31.66,34.13,31.46,32.32,53113477
15-Oct-18,27.02,28.13,26.28,27.29,27840207
16-Oct-18,18.28,21.27,16.67,16.96,85844046
17-Oct-18,18.33,18.84,17.54,18.3,75679139
18-Oct-18,22.46,25.08,20.94,21.51,77339193
19-Oct-18,18.59,19.68,16.98,18.88,38061269
20-Oct-18,32.2,32.77,30.3,30.98,57540914
21-Oct-18,22.76,24.33,21.12,21.57,43822768
22-Oct-18,19.47,19.55,17.53,19.3,86863884
23-Oct-18,32.42,32.6,32.4,34.2,23824795
24-Oct-18,24.64,27.22,22.97,24.57,59342919
25-Oct-18,21.33,23.99,19.53,20.59,54486904
26-Oct-18,27.73,30,27.67,27.88,40854120
27-Oct-18,20.73,22.75,20.31,21.79,58783729
28-Oct-18,27.6,28.83,27.01,27.36,77241999
29-Oct-18,24.11,25.42,22.58,22.77,41354830
30-Oct-18,24.02,25.44,22.93,24.31,43163898
31-Oct-18,22.45,24.9,21.22,21.44,34064719
1-Nov-18,26.22,28.73,24.96,26.68,22461766
2-Nov-18,22.14,22.96,21.9,22.01,61861720
3-Nov-18,34.65,36.58,33.02,34.21,49014177
4-Nov-18,19.31,20.66,18.67,19.25,67880906
5-Nov-18,32.82,32.86,30.99,31.92,71109512
6-Nov-18,25.36,25.68,24.53,25.11,72751444
7-Nov-18,22.17,24.11,22.07,23.38,74649326
8-Nov-18,22.59,25.15,21.05,22.31,55976819
9-Nov-18,21.68,23.61,20.91,22.42,82238805
10-Nov-18,18.86,21.75,17.57,18.13,38400013
11-Nov-18,33.19,34.06,32.88,34.82,23220414
12-Nov-18,19.04,21.98,18.87,20.77,33639501
13-Nov-18,32.09,32.4,30.92,31.9,34924935
14-Nov-18,20,20.77,18.66,20.46,85741267
15-Nov-18,34.95,36.37,33.09,34.04,91923896
16-Nov-18,25.53,27.18,25.36,26.77,84594121
17-Nov-18,22.82,24.15,21.7,23.32,48854258
18-Nov-18,34.91,37.7,34.81,36.59,93147034
19-Nov-18,34.1,34.56,33.39,34.87,49789572
20-Nov-18,34.54,37.27,33.96,35.04,33173460
21-Nov-18,28.75,31.48,27.84,29.59,81347852
22-Nov-18,23.88,26.81,21.96,22.24,72198104
23-Nov-18,29.39,31.68,27.64,27.78,79474423
24-Nov-18,21.83,22.32,20.65,21.1,88887197
25-Nov-18,32.32,34.47,31.31,31.85,51989001
26-Nov-18,19.62,20.74,18.49,19.55,62926980
27-Nov-18,25.99,26.78,25.82,26.87,79498192
28-Nov-18,26.39,27.59,24.44,26.01,51113454
29-Nov-18,23.55,25.29,22.35,23.71,82958222
30-Nov-18,34.39,37.15,32.77,33.6,71849197
1-Dec-18,34.72,35.8,33.49,33.83,92669640
2-Dec-18,29.09,30.84,28.23,28.31,88831702
3-Dec-18,30.68,33.37,29.35,30.59,90046623
4-Dec-18,24.28,24.55,22.66,23.23,73113778
5-Dec-18,19.35,20.02,17.46,18.7,92810442
6-Dec-18,20,21.68,18.9,19.53,68788543
7-Dec-18,23.62,24.01,22.31,22.47,66463684
8-Dec-18,27.94,30.04,27.23,28.98,79537040
9-Dec-18,27.51,30.48,27.15,28.09,44985000
10-Dec-18,25.89,26.23,24.59,25.73,88570276
11-Dec-18,23.02,23.86,21.06,21.82,53929525
12-Dec-18,20.79,21.39,20.7,21.05,57204886
13-Dec-18,28.68,30.52,28.02,28.63,21292213
14-Dec-18,26.06,27.72,25.64,26.93,79770548
15-Dec-18,32.94,33.5,31.88,32.36,48923854
16-Dec-18,22.43,22.92,21.74,21.94,81565573
17-Dec-18,20.48,21.24,19.16,19.84,38038637
18-Dec-18,22.54,22.91,21.64,23.13,38919663
19-Dec-18,22.5,22.54,22.36,22.98,42375160
20-Dec-18,33.19,34.89,31.51,32.48,48705063
21-Dec-18,28.75,29.94,28.43,28.92,50522611
22-Dec-18,21.15,23.67,20.98,21.94,78388363
23-Dec-18,18.2,20.14,16.62,17.67,36548724
24-Dec-18,22.78,23.88,22.73,22.83,74500798
25-Dec-18,19.98,20.15,18.14,18.17,65415410
26-Dec-18,19.61,21.05,18.82,19.97,34524637
27-Dec-18,25.36,26.7,24.82,26.19,69910690
28-Dec-18,33.02,33.41,32.93,33.18,80866958
29-Dec-18,29.22,29.68,27.51,27.6,92440432
30-Dec-18,21.03,22.05,20.14,21.72,28668807
31-Dec-18,21.28,22.86,19.47,20.99,93363759
1-Jan-19,23.49,24.04,21.92,22.74,39847114
2-Jan-19,24.11,25.03,23.78,24.25,34585337
3-Jan-19,21.8,23.25,20.04,21.85,90413565
4-Jan-19,21.35,23.51,21.06,21.22,43362793
5-Jan-19,28.26,31.11,27.85,28.82,70957001
6-Jan-19,28.91,30.58,27.19,29.03,79341610
7-Jan-19,27.44,28.23,26.86,27.09,45624954
8-Jan-19,22.74,24.94,22.45,23.52,27746547
9-Jan-19,23.08,23.94,22.95,24.23,66402183
10-Jan-19,32.87,34.18,30.88,32.69,54334241
11-Jan-19,30.15,32.33,28.77,30.37,22548190
12-Jan-19,18.4,20.28,17.49,19.13,38546531
13-Jan-19,28.43,30.57,26.63,28.54,39033008
14-Jan-19,29.99,30.58,29.29,31.02,93999740
15-Jan-19,20.99,23.73,19.77,21.53,40449785
16-Jan-19,26.93,27.43,26.91,27.74,62694580
17-Jan-19,20.02,21.07,19.42,20.45,48414921
18-Jan-19,27.22,27.5,25.77,26.41,45140413
19-Jan-19,22.37,22.54,20.99,21.6,56318735
20-Jan-19,19.44,22.34,18.2,19.63,54717655
21-Jan-19,30.15,31.6,28.8,29.28,27411856
22-Jan-19,24.7,27.18,23.07,23.5,30062100
23-Jan-19,26.73,27.78,25.94,27.11,87743513
24-Jan-19,34.42,34.85,33.27,33.34,55620093
25-Jan-19,23.46,25.69,22.16,22.77,28557899
26-Jan-19,27.85,28.02,27.31,28.99,45901451
27-Jan-19,28.32,30.4,26.86,28.11,30941292
28-Jan-19,31.81,33.71,31.31,31.9,30661760
29-Jan-19,18.19,18.96,18.06,19.31,50426595
30-Jan-19,31.76,33.62,29.88,29.94,44407925
31-Jan-19,20.35,22.3,19.58,20.53,29791446
1-Feb-19,24.21,24.82,23.58,24.1,52456134
2-Feb-19,19.39,22.19,18.97,20.35,88967201
3-Feb-19,29.61,31.55,29.2,30.72,86512082
4-Feb-19,26.12,27.81,24.8,25.88,29890191
5-Feb-19,21.28,24.11,21.26,22.85,62925810
6-Feb-19,27.89,28.72,26.2,27.26,64181072
7-Feb-19,19.4,20.64,17.41,19.01,36574419
8-Feb-19,30.17,32.72,28.36,28.71,89986228
9-Feb-19,25.28,25.4,24.25,25.73,58880518
10-Feb-19,32.56,35.51,32.15,33.3,35586256
11-Feb-19,20.61,20.97,19.64,20.1,69244416
12-Feb-19,21.84,23.2,21.33,23.15,71353577
13-Feb-19,28.4,28.94,27.59,29.51,57845586
14-Feb-19,29.3,30.75,29.06,29.11,81844282
15-Feb-19,24.68,25.25,24.06,24.97,74426384
16-Feb-19,20.92,20.98,19.76,21.39,39887649
17-Feb-19,30.85,33.52,30.52,32.27,38182249
18-Feb-19,26.55,27.28,26.15,27.36,84521086
19-Feb-19,27.43,27.46,25.44,26.31,85671504
20-Feb-19,23.14,25.33,22.54,24.48,76945101
21-Feb-19,27.97,30.35,27.59,28.85,20784525
22-Feb-19,24.85,26.17,24.03,24.4,45091403
23-Feb-19,29.34,29.7,29.01,29.63,80163487
24-Feb-19,29.34,30.2,28.54,29.44,21982654
25-Feb-19,22.86,24.86,21.02,21.7,25779379
26-Feb-19,21.99,22.82,21.71,22.51,26107353
27-Feb-19,32.2,34.76,30.29,31.82,36430025
28-Feb-19,26.84,29.57,24.87,25.58,59840171
1-Mar-19,18.38,18.86,18,18.59,47578040
2-Mar-19,27.82,29.94,26.24,26.72,52286362
3-Mar-19,18.91,19.96,17.07,17.99,56115773
4-Mar-19,33.86,36.08,32.66,34.27,45743257
5-Mar-19,28.63,28.67,28.53,29.56,84126118
6-Mar-19,27.2,27.33,26.28,26.77,30150782
7-Mar-19,31.9,33.22,31.14,32.37,83572655
8-Mar-19,29.6,32.31,28.48,28.9,83709578
9-Mar-19,33.1,35.74,31.98,32.51,54164286
10-Mar-19,26.8,29.41,24.83,25.55,39980837
11-Mar-19,31.53,31.7,30.55,32.39,65715146
12-Mar-19,34.34,34.62,33,34.98,40559810
13-Mar-19,18.03,20.48,17.91,18.4,30355205
14-Mar-19,27.39,27.72,25.83,27.23,33753541
15-Mar-19,26.48,28.65,24.95,25.84,93108710
16-Mar-19,20.9,22.63,19.21,20.99,75867145
17-Mar-19,25.46,25.48,24.94,26.73,47159383
18-Mar-19,21.7,21.72,20.75,22.33,75033566
19-Mar-19,31.11,31.98,30.07,30.98,58753908
20-Mar-19,30.64,31.95,29.84,30.09,25952066
21-Mar-19,23.94,26.06,23.24,23.44,59357198
22-Mar-19,26.27,28.05,25.13,26.55,29399180
23-Mar-19,21.7,22.52,21.24,21.4,91789125
24-Mar-19,30.71,32.77,29,29.54,84845084
25-Mar-19,25.59,25.63,24.74,26.57,85822281
26-Mar-19,29.44,30.91,28.56,30.07,28665001
27-Mar-19,26.16,26.72,25.06,27,28780965
28-Mar-19,18.75,21.2,18.38,19.9,25521382
29-Mar-19,25.48,25.78,24.57,26.53,69760343
30-Mar-19,23.84,26.34,22.09,22.91,86466577
31-Mar-19,18.16,18.32,16.72,17.29,91026763
1-Apr-19,33.72,35.13,31.93,32.19,47636534
2-Apr-19,33.57,34.52,33.11,34.26,70283908
3-Apr-19,21.56,23.65,21,22.04,60283961
4-Apr-19,20.93,23.55,19.17,19.93,83427032
5-Apr-19,29.25,31.86,28.4,29.21,49050321
6-Apr-19,32.56,34.14,31.16,31.62,49668537
7-Apr-19,28.54,30.47,28.08,29.43,47116064
8-Apr-19,32.25,35,31.29,31.9,50624691
9-Apr-19,29.23,29.78,29.21,30.53,62623710
10-Apr-19,25.15,26.35,24.09,24.97,87132354
11-Apr-19,23.62,24.53,23.35,23.76,27785902
12-Apr-19,32.76,32.98,31.78,33.5,45897197
13-Apr-19,20.68,20.68,20.51,21.53,40329571
14-Apr-19,28.41,30.48,26.85,28.55,89716526
15-Apr-19,25.07,25.42,23.87,24.06,36449485
16-Apr-19,23.97,24.01,23.73,23.87,59110895
17-Apr-19,21.17,23.74,20.02,21.19,92907425
18-Apr-19,28.61,31.39,27.04,27.97,54783155
19-Apr-19,22.1,22.66,20.98,21.19,81823085
20-Apr-19,23.64,25.04,22.61,22.62,69251224
21-Apr-19,34.45,36.34,33.16,34.52,31521421
22-Apr-19,28.74,29.78,27.88,29.85,38985116
23-Apr-19,19.9,22.37,19.31,19.51,79123702
24-Apr-19,34.53,35.27,33.8,35.39,74562802
25-Apr-19,28.34,30.98,26.8,28.56,82973048
26-Apr-19,27.75,30.57,26.84,28.64,65330252
27-Apr-19,34.11,35.05,33.33,33.61,76294147
28-Apr-19,31.21,32.85,31.18,31.21,68714671
29-Apr-19,31.03,31.61,29.55,30.57,22624145
30-Apr-19,27.48,30.07,26.51,27.79,38355077
1-May-19,21.34,22.04,20.99,22.57,46759610
2-May-19,34.78,36.99,33.89,35.47,50051652
3-May-19,34.44,34.68,33.17,33.94,81754654
4-May-19,22.91,25.9,21.37,23.15,90136062
5-May-19,25.83,27.52,24.3,25.32,34822381
6-May-19,27.16,27.96,26.99,28.39,65960455
7-May-19,23.23,24.03,21.84,23.55,60078310
8-May-19,21.69,23.09,21.55,21.74,45488146
9-May-19,22.04,24.06,21.19,22.22,21704817
10-May-19,30.27,31.59,28.41,29.8,84021562
11-May-19,25.26,26.67,24.32,25.27,62753710
12-May-19,20.81,23.62,20.58,22.03,33281811
13-May-19,23.64,26.59,22.37,24.23,44300217
14-May-19,34.06,35.73,32.1,33.14,87415388
15-May-19,30.3,32.83,30.23,30.86,44903401
16-May-19,26.09,29.06,24.26,25,63207559
17-May-19,22.5,23.15,22.48,23.94,76747296
18-May-19,26.66,29.05,26.13,27.17,80493498
19-May-19,33.26,34.73,32.45,34,38656502
20-May-19,33.59,33.67,32.67,33.34,67793040
21-May-19,34.61,37.46,32.96,34.29,88825315
22-May-19,27.74,29,27.11,28.31,53708099
23-May-19,34.05,34.28,33.65,35.63,28984445
24-May-19,26.59,29,25.13,27.04,34393310
25-May-19,31.4,34.29,30.82,31.33,81183772
26-May-19,18.91,21.21,18.3,18.94,70099160
27-May-19,21.65,24.17,20.72,22.69,21810699
28-May-19,20.25,22.29,18.63,20.61,89979517
29-May-19,19.37,21.12,18.17,19.36,47570272
30-May-19,26.86,29.38,25.3,25.98,27262272
31-May-19,28.02,30.17,27.13,27.32,57868586
1-Jun-19,23.77,26.58,23.04,24.14,65017118
2-Jun-19,34.71,37.07,33.9,35.22,42241639
3-Jun-19,18.73,18.76,17.85,19.57,28608569
4-Jun-19,22.2,22.78,20.42,22.12,52067746
5-Jun-19,34.14,35.52,32.78,33.83,71591555
6-Jun-19,27.3,27.3,26.27,26.76,27613747
7-Jun-19,30.63,32.28,28.71,30.16,57895992
8-Jun-19,29,30.62,28.91,29.02,79137771
9-Jun-19,29.92,31.4,29.09,29.96,70342856
10-Jun-19,20.67,20.88,18.94,19.4,48835352
11-Jun-19,20.96,21.18,20.01,20.25,57738006
12-Jun-19,21.52,23.58,20.24,21.59,33583781
13-Jun-19,22.94,24.12,22.07,23.44,70196085
14-Jun-19,30.58,32.12,30.48,32.04,92217834
15-Jun-19,26.72,27.28,26.7,28.51,70753852
16-Jun-19,21.81,22.72,21.46,22.1,47343340
17-Jun-19,32.25,33.44,30.59,30.67,34846006
18-Jun-19,19.96,22.2,18.41,20.34,72986067
19-Jun-19,32.45,34.54,31.8,32.26,56234034
20-Jun-19,34.66,35.51,33.64,35.6,38807276
21-Jun-19,30.53,32.03,30.09,31.43,66105350
22-Jun-19,21.31,23.04,20.66,21.4,25434301
23-Jun-19,21,23.48,19.1,20.37,26857458
24-Jun-19,27.38,29.29,27.11,27.54,62428953
25-Jun-19,26.78,28.09,25.96,26.97,83530332
26-Jun-19,29.36,29.89,27.54,29.22,54747243
27-Jun-19,28.86,31.09,27.74,29.49,79508101
28-Jun-19,34.34,36.22,33.27,34.15,59336499
29-Jun-19,27.71,29.2,26.2,27.71,46662755
30-Jun-19,20.16,20.57,18.74,19.64,30764070
1-Jul-19,28.35,28.92,28.28,28.52,45499369
2-Jul-19,32.66,33.08,32.16,33.22,25338359
3-Jul-19,18.1,20.28,18.07,19.74,31016555
4-Jul-19,18.66,19.95,18.64,20.29,36438984
5-Jul-19,20.68,22.51,19.28,19.5,75544024
6-Jul-19,26.37,29.31,25.67,25.92,23990209
7-Jul-19,29.61,31.24,28.61,30.13,32320873
8-Jul-19,34.38,34.52,32.84,33.19,35468552
9-Jul-19,31.87,34.76,31.13,32.49,80076643
10-Jul-19,34.26,35.95,32.52,33.61,78770895
11-Jul-19,25.25,27.39,24.41,25.6,59398018
12-Jul-19,19.92,21.79,19.71,20.24,60659251
13-Jul-19,34.36,34.76,32.62,34.41,37305041
14-Jul-19,28.01,30.73,26.3,27.74,65271943
15-Jul-19,19.96,20.99,19.54,20.79,39869745
16-Jul-19,33.3,33.67,31.34,31.49,55975354
17-Jul-19,33.22,36.16,31.5,32.83,55585362
18-Jul-19,34.12,34.62,33.84,35.48,43657035
19-Jul-19,18.95,21.5,17.47,18.37,38747310
20-Jul-19,23.45,24.08,23.4,24.34,29444388
21-Jul-19,34.89,37.26,32.92,34.53,50035572
22-Jul-19,24.09,25.91,24.05,25.08,41415674
23-Jul-19,30.03,32.69,29.17,31.11,65442943
24-Jul-19,31.96,32.1,31.92,33.69,47147333
25-Jul-19,26.53,29.42,25.82,26.5,43931231
26-Jul-19,29.77,30.6,28.8,30.76,93446271
27-Jul-19,30.8,31.81,30.21,30.84,22926316
28-Jul-19,20.15,21.55,19.15,19.6,57172301
29-Jul-19,22.88,24.08,21.19,21.9,25037048
30-Jul-19,33.11,33.22,31.14,32.95,29493623
31-Jul-19,34.86,36.66,33.22,34.28,55892656
1-Aug-19,29.94,31.95,28.33,29.11,75776317
2-Aug-19,30.61,32.53,29.4,31.12,22953310
3-Aug-19,18.89,20.73,17.24,18.52,67268545
4-Aug-19,19.39,20.75,18.72,19.29,56004075
5-Aug-19,21.48,21.48,21.45,21.64,76023230
6-Aug-19,31.2,32.62,29.96,31.03,39172244
7-Aug-19,20.61,22.4,19.12,20.95,37253224
8-Aug-19,20.78,22.08,20.07,20.15,31691770
9-Aug-19,21.66,21.76,21.38,21.49,61423535
10-Aug-19,24.04,24.82,22.81,23.74,72642504
11-Aug-19,18.5,21.3,16.57,17.17,65636183
12-Aug-19,24.04,26.71,23,24.16,95129016
13-Aug-19,27.62,28.42,25.65,26.6,93381248
14-Aug-19,24.48,24.92,22.97,24.78,93731792
15-Aug-19,27.61,30.59,25.64,26.87,70363550
16-Aug-19,29.81,32.43,28.09,29.79,75903236
17-Aug-19,23.43,25.6,22.35,22.81,65247986
18-Aug-19,31.46,34.34,30.42,30.72,37768214
19-Aug-19,27.76,29.9,27.68,28.51,24977603
20-Aug-19,34.38,35.1,32.86,33.62,74758979
21-Aug-19,28.51,30.15,28.48,29.09,78697936
22-Aug-19,29.27,29.7,27.99,29.18,75012002
23-Aug-19,22.11,22.81,20.42,20.45,85458887
24-Aug-19,20.58,23.49,18.91,19.18,91138287
25-Aug-19,30.76,31.68,30.38,31.89,60226513
26-Aug-19,28.36,29.24,27.86,28.95,92046955
27-Aug-19,30.65,30.98,30.04,30.6,31538036
28-Aug-19,23.15,24.64,22.98,22.99,57432454
29-Aug-19,24.22,24.97,22.97,24.97,80605828
30-Aug-19,29.6,30.55,28.55,28.6,43011643
31-Aug-19,23.66,25.5,23.57,24.94,45550357
1-Sep-19,28.84,29.17,28.71,30.02,54452225
2-Sep-19,19.47,19.73,19.14,20.41,76087173
3-Sep-19,24.34,26.4,23.1,23.78,46287516
4-Sep-19,32.91,33.1,31.41,32.55,42610894
5-Sep-19,21.74,23.55,21.06,21.77,53302189
6-Sep-19,27.15,29.76,26.33,27.86,39120871
7-Sep-19,34.7,35.74,33.95,35.3,88430047
8-Sep-19,33.26,34.84,32.11,32.9,93331401
9-Sep-19,34.3,35.31,34.03,35.08,73066188
10-Sep-19,30.28,31.55,28.68,29.96,58822156
11-Sep-19,28.84,31.82,27.94,28.69,55193169
12-Sep-19,21.65,23.45,20.3,20.75,84071663
13-Sep-19,30.8,33.11,30.01,30.32,72382944
14-Sep-19,29.64,29.99,29.38,30.35,43767659
15-Sep-19,23.69,24.77,21.89,23.44,85378862
16-Sep-19,25.08,25.57,24.21,25.34,35599314
17-Sep-19,24.7,26.51,24.7,25.61,83132342
18-Sep-19,28.02,28.77,27.43,28.76,24007431
19-Sep-19,25.28,27.28,25.03,25.45,85755571
20-Sep-19,27.89,28.11,27.14,27.47,38726556
21-Sep-19,22.45,22.67,21.31,23.1,73909498
22-Sep-19,23.77,24.76,22.72,23.15,91368948
23-Sep-19,30.86,31.03,29.87,30.54,22708073
24-Sep-19,32.58,33.2,31,31.86,90330727
25-Sep-19,26.02,26.02,24.03,25.1,51458982
26-Sep-19,32.67,35.46,30.88,32.13,46468636
27-Sep-19,31.3,33.66,30.54,30.89,58161241
28-Sep-19,27,29.72,26.66,28.24,71927118
29-Sep-19,20.16,21.8,19.09,20.43,59556769
30-Sep-19,21.16,22.79,19.68,20.27,69262850
1-Oct-19,18.02,18.25,16.82,18.63,58618515
2-Oct-19,28.89,31.16,28.73,28.91,60448819
3-Oct-19,19.63,22.02,17.77,18.25,58398023
4-Oct-19,29.12,30.61,29.02,30.43,58912593
5-Oct-19,29.54,32.12,27.88,29.44,43601651
6-Oct-19,21.9,22.55,21.47,22.46,56217098
7-Oct-19,31.56,33.42,30.91,31.2,58241018
8-Oct-19,28.1,30.32,27.76,28.13,84313838
9-Oct-19,19.67,21.34,19.18,20.25,89559457
10-Oct-19,30.26,31.5,29.75,31.07,73945743
11-Oct-19,22.01,24.05,21.76,22.46,26062364
12-Oct-19,25.29,27.25,25.11,25.85,47072464
13-Oct-19,33.83,34.77,33.58,35.37,49671876
14-Oct-19,30.83,31.77,29.03,30.19,73541107
15-Oct-19,28.82,29.74,28.52,28.71,80608381
16-Oct-19,18.67,20.56,18.02,18.69,89616085
17-Oct-19,18.36,20.14,16.57,17.88,88453842
18-Oct-19,31.69,34.18,31.19,31.63,65019979
19-Oct-19,23.96,25.19,23.15,25.05,74127536
20-Oct-19,34.96,36.8,33.42,34.33,56956637
21-Oct-19,26.2,26.92,25.05,25.77,78343151
22-Oct-19,28.87,31.63,26.93,28.18,77193498
23-Oct-19,33.02,33.91,32.4,33.05,48800626
24-Oct-19,23.07,23.66,21.45,21.97,22702004
25-Oct-19,28.43,30.63,26.76,26.93,41305753
26-Oct-19,23.22,24.14,22.06,23.41,67149347
27-Oct-19,28.07,28.38,28.07,28.7,26585914
28-Oct-19,30,30.42,28.5,29.55,88266252
29-Oct-19,33.51,34.55,31.55,33.36,51996042
30-Oct-19,20.27,23.05,19.5,20.72,24422669
31-Oct-19,30.78,31.88,30,31.48,63799966
1-Nov-19,19.65,21.81,19.06,20.35,48136848
2-Nov-19,23.22,23.65,22.15,22.54,49876978
3-Nov-19,34.23,37.15,33.16,34.65,46389391
4-Nov-19,31.38,33.73,30,31.23,92877919
5-Nov-19,19.23,21.49,17.65,19.47,50537230
6-Nov-19,26.05,28.77,25.78,26.81,69148914
7-Nov-19,26.29,27.16,25.38,25.74,66370848
8-Nov-19,27.08,27.79,26.42,27.79,30996313
9-Nov-19,33.13,33.31,32.78,34.49,35210825
10-Nov-19,26.79,27.64,26.42,27.39,68974260
11-Nov-19,27.39,29.72,25.88,27.8,78009323
12-Nov-19,34.2,34.36,32.65,33.92,89782102
13-Nov-19,31.42,33.51,31.26,32.52,33994664
14-Nov-19,31.08,32.19,30.97,32.7,87549619
15-Nov-19,22.26,24.65,20.65,22.04,91246111
16-Nov-19,18.61,18.91,18.36,19.91,73653029
17-Nov-19,34.53,36.99,33.56,34.45,25501328
18-Nov-19,32.55,34.11,30.98,32.49,68415519
19-Nov-19,19.35,19.98,17.6,19.44,48483591
20-Nov-19,32,32.92,30.53,30.81,57777625
21-Nov-19,19.02,21.74,17.38,19.23,55258520
22-Nov-19,26.38,27.65,24.73,25.84,54819353
23-Nov-19,32.49,33.78,31.27,31.81,69161039
24-Nov-19,22.79,23.8,21.81,22.68,94100083
25-Nov-19,32.95,32.97,32.82,33.52,51430676
26-Nov-19,34.9,37.1,33.08,34.52,29688793
27-Nov-19,31.75,32.87,31.01,31.9,66720266
28-Nov-19,25.19,26.7,24.37,24.49,30259068
29-Nov-19,19.42,21.06,18.17,19.33,38289555
30-Nov-19,24.07,24.8,23.53,24.36,31865518
1-Dec-19,28.67,29.48,28.01,28.73,72852982
2-Dec-19,34.6,36.28,33.22,34.62,22836233
3-Dec-19,28.13,30.24,28.13,28.31,37685315
4-Dec-19,28.07,29.94,26.43,26.53,31001531
5-Dec-19,27.62,29.65,25.96,26.34,91917700
6-Dec-19,29.78,31.61,28.17,28.24,40073014
7-Dec-19,22.14,22.71,20.39,20.84,60576374
8-Dec-19,19.15,19.24,17.31,18.26,46770671
9-Dec-19,23.42,23.68,22.75,23.05,73221802
10-Dec-19,30.95,31.91,29.95,31.47,52927791
11-Dec-19,26.55,27.9,26.53,28.37,24957657
12-Dec-19,30.47,31.63,29.34,29.98,85551949
13-Dec-19,18.35,20.99,17.67,19.05,53686254
14-Dec-19,21.89,22.17,21.18,21.67,53365076
15-Dec-19,30.15,32.13,30.11,30.45,47206741
16-Dec-19,28.62,31.62,27.34,28.13,68886311
17-Dec-19,26.45,26.57,26.24,28.07,35845186
18-Dec-19,23.54,24.13,23.4,23.81,82909988
19-Dec-19,19.47,22.38,17.97,19.57,35873337
20-Dec-19,22.79,22.97,21.12,21.88,45556076
21-Dec-19,22.83,23.82,22.08,22.99,54543538
22-Dec-19,24.79,25.85,23.94,24.26,57018022
23-Dec-19,18.05,19.98,16.58,17.32,78978959
24-Dec-19,27.3,29.78,27.22,27.33,20609711
25-Dec-19,18.2,18.8,16.27,17.85,36250646
26-Dec-19,31.32,32.96,29.64,30.36,58794084
27-Dec-19,20.05,21.48,19.42,19.62,80707889
28-Dec-19,25.54,26.93,24.58,26.31,26618288
29-Dec-19,20.27,21.46,19.58,21.06,39216720
30-Dec-19,31.01,31.48,30.05,31.94,55557208
31-Dec-19,27.42,28.63,27.26,28.44,39055101
1-Jan-20,24.39,26.13,22.79,24.03,36990054
2-Jan-20,28.31,29.16,27.65,28.09,40007859
3-Jan-20,27.11,27.35,25.88,25.95,87395777
4-Jan-20,27.09,29.5,25.12,26.23,50577054
5-Jan-20,32.27,34.84,31.73,33.73,71432967
6-Jan-20,25.83,27.03,24.27,25.93,79923305
7-Jan-20,20.4,22.18,19.72,20.48,24147762
8-Jan-20,34.28,34.63,32.62,34.04,31340161
9-Jan-20,28.75,29.05,26.89,27.61,49908778
10-Jan-20,33.28,35.91,31.83,33.81,36074332
11-Jan-20,27.22,28.91,25.58,26.18,45265239
12-Jan-20,20.59,22.78,19.93,20.29,79801436
13-Jan-20,25.67,26.72,23.8,24.49,59668702
14-Jan-20,22.54,22.92,21.5,22.25,51674789
15-Jan-20,33.79,35.89,32.33,33.13,82443608
16-Jan-20,18.6,21.33,17.06,17.95,30644529
17-Jan-20,30.09,32.15,28.43,29.15,47011890
18-Jan-20,34.15,35.32,32.97,33.94,35490846
19-Jan-20,29.27,31.9,27.55,28.78,59319133
20-Jan-20,26.81,28.27,26.44,28.27,42349082
21-Jan-20,34.76,36.31,32.83,34.15,22702147
22-Jan-20,33.8,35.93,32.46,33.21,52450017
23-Jan-20,20.49,22.53,20.08,21.13,75676363
24-Jan-20,34.36,36.17,32.53,33.54,59188968
25-Jan-20,22.6,24.64,21.15,22.41,38615753
26-Jan-20,32.46,33.03,30.61,30.9,72629907
27-Jan-20,21.82,23.23,20.59,20.62,47936370
28-Jan-20,34.38,36.51,34.24,36.08,27086463
29-Jan-20,33.53,34.7,31.62,33.33,24889772
30-Jan-20,28.45,30.98,28.39,29.97,76487371
31-Jan-20,30.02,31.16,29.42,31.17,31223462
1-Feb-20,20.2,21.74,19.2,19.56,66347684
2-Feb-20,19.24,20.19,17.45,18.08,77135975
3-Feb-20,27.13,28.43,25.28,26.45,57491848
4-Feb-20,24.77,27.74,23.25,25.11,41740830
5-Feb-20,19.47,20.11,19.12,20.18,25061934
6-Feb-20,30.34,32.48,29.13,31.09,38327439
7-Feb-20,25.47,28.45,24.21,24.46,53643004
8-Feb-20,25.36,25.72,24.74,26.55,84761912
9-Feb-20,31.18,32.71,29.18,29.21,91656060
10-Feb-20,32.01,32.1,30.52,30.71,29067560
11-Feb-20,21.19,24.18,19.82,21.65,83938173
12-Feb-20,20.91,23.38,19.25,21.05,40084812
13-Feb-20,31.81,34.81,31.73,32.46,44325070
14-Feb-20,23.58,26.46,22.4,22.5,66519157
15-Feb-20,18.52,20.99,17.87,18.47,77561478
16-Feb-20,24.07,26.9,23.88,25.82,66014717
17-Feb-20,18.54,19.85,16.86,18.12,42970451
18-Feb-20,22.9,25.14,22.89,23.89,83147392
19-Feb-20,18.24,21.05,17.07,18.79,90563278
20-Feb-20,28.01,29.07,27.87,29.03,31519864
21-Feb-20,23.14,24.61,22.74,23.78,35145874
22-Feb-20,31.58,32.67,31.5,33.21,51146766
23-Feb-20,24.36,26.5,22.41,24.23,82198976
24-Feb-20,31.04,32.3,30.77,32.45,91128086
25-Feb-20,28.06,28.75,26.13,27.09,42562213
26-Feb-20,32.75,34.9,31.83,32.37,41651153
27-Feb-20,23.29,24.34,21.5,22.68,66708885
28-Feb-20,21.7,21.79,20.65,21.89,23612780
29-Feb-20,22.28,23.69,21.26,21.29,44238654
1-Mar-20,29.47,30,29.01,29.55,95033794
2-Mar-20,24.72,27.52,23.81,24.93,90356205
3-Mar-20,25.63,27.19,24.9,25.02,68943771
4-Mar-20,32.24,34.87,30.92,31.04,81598719
5-Mar-20,28.88,30.74,28.33,29.49,26483583
6-Mar-20,18.97,21.95,17.18,18.3,32961621
7-Mar-20,28.1,28.42,27.29,27.71,72177176
8-Mar-20,27.6,29.4,26.84,28.69,44225761
9-Mar-20,23.2,26.03,21.85,23.85,43157138
10-Mar-20,28.48,29.98,28.2,29.98,73204847
11-Mar-20,28.11,30.18,26.41,26.56,83437399
12-Mar-20,29.38,30.48,28.22,28.51,58501496
13-Mar-20,23.51,24.05,21.59,21.99,75411465
14-Mar-20,27.49,29.42,25.75,27.45,76573688
15-Mar-20,22.15,23.98,20.19,21.13,52244459
16-Mar-20,20.67,22.36,20.18,21.51,48069385
17-Mar-20,25.35,26.52,24.68,25.73,53687989
18-Mar-20,24.22,25.74,22.98,23.52,34702477
19-Mar-20,24.38,27.02,23.51,25.49,44667390
20-Mar-20,22.29,22.39,21.2,22.54,90095231
21-Mar-20,32.65,35.36,31.17,32.91,22225336
22-Mar-20,29.59,32.39,28.97,29.71,33866117
23-Mar-20,20.22,22.33,19.08,19.17,25748010
24-Mar-20,18.67,20.54,16.73,17.96,53480962
25-Mar-20,23.1,24.66,22.3,24.06,54061546
26-Mar-20,19.57,20.03,19.4,19.82,48831608
27-Mar-20,32.55,32.71,31.99,32.65,28660308
28-Mar-20,21.41,22.07,20.36,21.06,28094879
29-Mar-20,27.24,28.24,26.35,27.37,76702051
30-Mar-20,18.46,18.79,17.22,17.64,53881371
31-Mar-20,24.24,26.99,23.03,24.99,49372502
1-Apr-20,20.42,20.82,20.41,21.47,39550264
2-Apr-20,26.83,29.02,25.25,26.59,84258895
3-Apr-20,28.78,31.1,28.64,30.29,94245000
4-Apr-20,18.58,20.51,17.56,17.94,71716520
5-Apr-20,33.9,34.22,32.3,33.48,25547217
6-Apr-20,28.02,30.61,27.35,28.02,77678240
7-Apr-20,26.6,28.03,24.68,25.87,81530960
8-Apr-20,26.51,26.62,24.83,25.62,60064718
9-Apr-20,29.69,30.64,29.14,29.6,33858938
10-Apr-20,33.19,35.22,31.22,33.15,77366281
11-Apr-20,27.03,29.06,25.53,27.48,26496867
12-Apr-20,30.24,31.09,29.9,30.61,77736308
13-Apr-20,32.09,33.3,31.09,31.85,48968878
14-Apr-20,26.39,26.62,24.66,26.01,47283121
15-Apr-20,22.08,22.61,21.38,23.12,24076125
16-Apr-20,19.56,21.28,19.3,21.04,46069671
17-Apr-20,34.9,36.6,34.8,36.25,78217912
18-Apr-20,24.49,27.07,23.26,24.36,48489512
19-Apr-20,33.78,36.05,32.91,33.23,89001364
20-Apr-20,26.71,27.24,26.27,27.21,73882024
21-Apr-20,32.93,34.99,32.8,34.66,55732951
22-Apr-20,28.7,28.77,27.15,28.69,34575090
23-Apr-20,31.59,33.77,30.9,32.49,69315734
24-Apr-20,30.95,31.29,30.77,30.84,66273769
25-Apr-20,25.83,26.58,24.17,25.14,61793715
26-Apr-20,33.01,33.67,31.98,33.01,48954623
27-Apr-20,26.53,27.84,26.46,27.67,58925798
28-Apr-20,23.24,24.98,21.49,23.03,87515733
29-Apr-20,27.09,27.67,26.52,27.96,91171794
30-Apr-20,25.9,26.8,24.08,24.81,27967722
1-May-20,20.17,22.5,19.94,21.72,70016150
2-May-20,20.38,22.46,19.85,20.14,94323325
3-May-20,33.05,33.94,32.46,33.01,31076638
4-May-20,21.97,24.93,20.94,21.64,51976472
5-May-20,29.74,31.51,28.72,29.38,27382706
6-May-20,31.55,32.92,30.5,31.82,50467121
7-May-20,25.16,27.12,24.03,24.24,40791004
8-May-20,28.07,28.45,27.46,29.05,42388749
9-May-20,30.52,31.91,29.95,31.09,39656614
10-May-20,21.06,22.75,20.25,20.4,35541562
11-May-20,18.9,21.25,17.31,18.16,25822281
12-May-20,21.59,21.7,20.97,22.03,61687410
13-May-20,33.22,35.4,32.15,32.69,26824622
14-May-20,21.29,23.44,20.3,21.26,67313690
15-May-20,26.78,29.61,25.19,27.15,40993072
16-May-20,23.38,24.69,22.48,23.11,94398920
17-May-20,27.55,29.22,26.76,27.75,78213593
18-May-20,32.16,33.89,30.2,30.58,28883501
19-May-20,24.7,25.86,23.95,24.42,46321295
20-May-20,31.33,31.46,30.64,31.21,87441300
21-May-20,19.74,21.57,17.8,18.96,26254205
22-May-20,18.46,20.81,16.72,18.54,72778717
23-May-20,19.03,21.27,19,19.66,48330371
24-May-20,27.64,29.85,26.36,26.98,20982703
25-May-20,33.76,35.33,32.31,33.36,21968887
26-May-20,28.31,28.79,28.12,28.9,81440776
27-May-20,34.53,36.69,33.23,35.14,40124939
28-May-20,18.41,21.16,18.16,18.3,92869786
29-May-20,31.24,31.37,31,32.31,46804313
30-May-20,27.62,28.38,25.84,26.9,70004525
31-May-20,33.97,34.55,33.69,34.18,35837685
1-Jun-20,34.17,34.77,33.13,34.02,80409637
2-Jun-20,23.15,25.53,21.46,21.51,70361948
3-Jun-20,31.02,32,30.89,31.83,37279976
4-Jun-20,21.88,23.6,21.14,22.67,51370463
5-Jun-20,26.43,27.49,24.9,25.87,83524515
6-Jun-20,18.98,21.22,17.11,18.76,27692260
7-Jun-20,19.92,22.83,18.65,20.04,48992206
8-Jun-20,22.3,24.49,20.79,22.76,28684305
9-Jun-20,24.76,25.13,24.37,25.08,94448926
10-Jun-20,25.51,26.48,24.92,26.64,63746220
11-Jun-20,21.96,23.37,21.93,23.74,85215149
12-Jun-20,34.43,37.37,32.74,32.94,48886243
13-Jun-20,26.83,29.55,26.66,27.77,32429999
14-Jun-20,18.04,19.82,16.9,18.71,78763902
15-Jun-20,22.07,22.76,22.04,23.51,87441238
16-Jun-20,31.75,33.23,30.67,31.59,70124387
17-Jun-20,27.47,28.72,25.72,25.99,40678404
18-Jun-20,31.38,34.25,29.82,30.01,44287940
19-Jun-20,24.88,26.77,24.24,24.56,21363898
20-Jun-20,26.72,28.88,25.95,26.57,47467508
21-Jun-20,27.45,29.64,26.8,27.57,94133239
22-Jun-20,28.4,29.8,28.17,29.87,82227003
23-Jun-20,34.71,35.48,34.53,34.54,79126980
24-Jun-20,31.76,32.86,29.94,31.36,47869420
25-Jun-20,24.91,26.91,24.11,24.12,43058659
26-Jun-20,31.14,32.79,30.99,32.63,92997675
27-Jun-20,22.56,23.51,20.57,22.22,60561389
28-Jun-20,32.58,32.65,32.53,33.27,39943383
29-Jun-20,18.67,19.9,17.87,18.24,38976693
30-Jun-20,25,25.94,24.5,24.95,71484641
1-Jul-20,31.88,34.87,30.72,30.88,81397649
2-Jul-20,30.79,31.81,29.9,30.19,41343088
3-Jul-20,26.69,27.85,25.4,25.45,86116759
4-Jul-20,24.82,26.27,23.03,24.46,77382632
5-Jul-20,18.27,20.75,17.3,19.27,81555546
6-Jul-20,30.52,33.17,28.63,29.07,39892576
7-Jul-20,18.69,21.68,16.96,18.78,88300601
8-Jul-20,34.16,36.1,34.05,35.3,48436503
9-Jul-20,32.72,34.27,31.26,32.24,67040024
10-Jul-20,25,27.27,23.85,25.38,82618871
11-Jul-20,30.81,31.93,28.94,29.55,34481102
12-Jul-20,30.65,33.16,30.12,31.94,38647203
13-Jul-20,18.73,19.84,16.81,18.69,42949921
14-Jul-20,31.21,34.19,29.56,30.65,90157827
15-Jul-20,31.38,32.1,31.15,32.71,87098957
16-Jul-20,21.96,23.66,21.27,21.51,93718065
17-Jul-20,19.41,20.35,19.25,20.43,57662251
18-Jul-20,19.12,19.98,17.27,18.85,89898833
19-Jul-20,18.37,21.35,16.44,16.86,60613739
20-Jul-20,23.51,25.7,23.13,23.9,40903156
21-Jul-20,26.68,27.17,26.35,27.43,66380832
22-Jul-20,34.12,36.3,33.27,34.31,34789701
23-Jul-20,25.9,28.12,25.61,26.9,72154745
24-Jul-20,34.5,36.67,33.28,34.98,43164227
25-Jul-20,30.27,30.47,29.31,30.91,46200993
26-Jul-20,30.75,33.1,29.85,31.75,77171306
27-Jul-20,31.74,33.85,30.25,30.68,84124867
28-Jul-20,26.58,27.62,24.96,26.73,54284602
29-Jul-20,19.22,20.5,18.77,20.41,71092440
30-Jul-20,26.5,28.9,24.91,24.93,70184373
31-Jul-20,19.81,20.94,18.75,19.8,48988318
1-Aug-20,33.3,34.05,32.99,33.08,37738563
2-Aug-20,28.36,28.54,26.89,27.74,27693861
3-Aug-20,34.85,35.48,34.01,34.27,76337608
4-Aug-20,29.88,30.45,29.65,29.92,25729127
5-Aug-20,18.6,19.67,18.12,19.63,34808966
6-Aug-20,29.26,31.72,27.51,29.37,29944846
7-Aug-20,25.55,25.8,24.72,26.42,55972487
8-Aug-20,24.81,26.41,24.16,24.52,46492682
9-Aug-20,31.74,32.14,30.81,31.96,29338254
10-Aug-20,26.37,28.35,25.02,26.78,85562867
11-Aug-20,33.24,34.33,31.5,32.8,27366420
12-Aug-20,34.37,35.71,33.47,34.14,56155595
13-Aug-20,33.38,33.65,32.59,32.99,31682248
14-Aug-20,28.3,30.57,27.46,27.93,53720863
15-Aug-20,20.17,20.28,19.63,20.32,43836595
16-Aug-20,34.56,36.74,33.63,34.46,82267794
17-Aug-20,23.34,24.87,21.63,22.34,29003258
18-Aug-20,21.84,22.03,21.35,21.83,68874030
19-Aug-20,20.49,22.03,19.5,20.31,85867728
20-Aug-20,33.34,35.37,31.74,32.92,83789481
21-Aug-20,33.36,33.56,32.42,34.14,27764947
22-Aug-20,29.41,31.31,28.6,30.09,89021684
23-Aug-20,31.17,32.67,30.94,31.22,37965794
24-Aug-20,19.95,20.03,19.15,19.43,66775924
25-Aug-20,32.98,33.46,32.18,33.76,34192107
26-Aug-20,18.73,21.09,17.42,18.91,85321973
27-Aug-20,19.1,19.76,17.87,19.33,75419080
28-Aug-20,21.09,23.48,19.67,21.38,76511742
29-Aug-20,28.99,31.75,27.37,28.23,23994821
30-Aug-20,25.15,25.66,24.66,25.89,42258777
31-Aug-20,23.66,24.53,21.83,23.51,25764294
1-Sep-20,31.75,32.45,31.65,32.88,34845168
2-Sep-20,25.6,25.61,25.18,25.56,76681313
3-Sep-20,25.56,26.43,24.4,25.93,83444835
4-Sep-20,25.52,27.75,24.73,25.21,28657756
5-Sep-20,23.46,24.91,21.85,22.81,81795278
6-Sep-20,28.21,29.06,26.62,27.44,77726958
7-Sep-20,31.99,32.14,30.78,32.65,82961118
8-Sep-20,27.43,30.13,26.7,26.9,22512716
9-Sep-20,23.62,26.45,22.97,23.88,90825909
10-Sep-20,33.07,33.54,31.6,32.73,81677620
11-Sep-20,28.52,29.91,26.59,27.78,53853038
12-Sep-20,30.58,31.14,29.58,29.77,38329529
13-Sep-20,21.42,22.03,21.04,21.57,74298697
14-Sep-20,22.27,24.31,21.03,22.27,93725107
15-Sep-20,29.76,30.24,29.18,30.4,36213031
16-Sep-20,30.3,30.74,30.04,30.09,86112517
17-Sep-20,28.06,30.2,26.75,27.67,73784766
18-Sep-20,19.28,20.52,17.55,18.37,89993741
19-Sep-20,34.02,35.72,33.94,35.54,33544722
20-Sep-20,31.01,33.79,30.99,32.2,30852078
21-Sep-20,34.65,35.41,33.37,34.95,69693422
22-Sep-20,32.08,35.07,30.9,31.97,57232004
23-Sep-20,18.2,18.8,16.22,17.98,52349172
24-Sep-20,21.02,21.93,20.66,21.04,39609421
25-Sep-20,25.01,26.55,24.23,25.92,73432808
26-Sep-20,31.71,31.99,30.47,31.4,71467014
27-Sep-20,34.99,36.35,34.22,34.99,89222088
28-Sep-20,18.37,19.02,18.37,18.85,45010141
29-Sep-20,26.1,28.74,25.24,27.07,74718737
30-Sep-20,29.72,29.9,29.39,29.95,50005725
1-Oct-20,27.67,27.78,27.29,27.84,65167537
2-Oct-20,34.94,36.96,33.05,33.11,62796909
3-Oct-20,34.58,34.97,34.56,36.09,79168322
4-Oct-20,33.05,33.5,31.88,33.54,47308562
5-Oct-20,31.89,34.38,31.53,32.44,47234825
6-Oct-20,32.63,33.21,31.37,33.1,74405650
7-Oct-20,22.37,25.17,20.52,21.48,76687837
8-Oct-20,32.24,33.18,32.07,33.29,57840405
9-Oct-20,25.21,26.74,23.46,25.31,43561162
10-Oct-20,24.76,26.03,24.59,24.61,91358471
11-Oct-20,21.57,22.56,20.98,21.36,64513250
12-Oct-20,34.94,35.88,33.43,33.81,28086424
13-Oct-20,33.62,35.3,32.88,32.88,29230266
14-Oct-20,26.18,27.25,25.36,27.13,48215081
15-Oct-20,33.23,34.42,31.27,32.39,32594133
16-Oct-20,27.78,29.76,26.77,26.86,78859521
17-Oct-20,22.45,22.9,21.15,21.64,20699546
18-Oct-20,19.81,19.9,19.34,21.11,52709971
19-Oct-20,33.22,35.13,32.2,32.79,29148496
20-Oct-20,19.33,21.16,18.07,19.83,91092591
21-Oct-20,30.22,31.56,29.92,30.49,37721091
22-Oct-20,29.71,31.61,29.7,30.74,56455257
23-Oct-20,27.08,27.69,26.67,27.8,36166082
24-Oct-20,33.49,33.51,31.86,32.57,56755995
25-Oct-20,32.89,33.42,31.27,32.19,89909984
26-Oct-20,19,21.8,17.67,17.88,93701616
27-Oct-20,19.96,22.2,18.56,20.38,85350912
28-Oct-20,23.34,24.55,21.93,23.52,77994276
29-Oct-20,26.13,28.16,24.2,24.84,84736895
30-Oct-20,27.46,28.93,26.69,28.23,35909795
31-Oct-20,33.56,35.35,32.67,34.35,48178142
1-Nov-20,19.08,19.33,17.82,19.38,24792763
2-Nov-20,25.02,25.91,24.13,24.36,45322007
3-Nov-20,22.07,23.98,21.58,21.66,36273802
4-Nov-20,26.78,29.65,26.56,26.76,37217920
5-Nov-20,22.55,24.2,22.02,23.52,80168210
6-Nov-20,20.85,21.39,19.11,19.24,87314946
7-Nov-20,28.7,31.43,27.74,29.66,37820072
8-Nov-20,20.17,21.83,18.92,19.94,75932864
9-Nov-20,20.42,22.57,19.38,20.24,38599301
10-Nov-20,32.51,32.97,30.83,31.75,58691762
11-Nov-20,32.67,34.82,32.57,33.95,67134154
12-Nov-20,20.01,21.66,19.73,19.95,77561514
13-Nov-20,28.99,29.18,27.2,28.79,66427710
14-Nov-20,25.47,25.86,23.47,25.44,93007228
15-Nov-20,34.78,37.57,33.86,34.47,64541981
16-Nov-20,26.41,28.92,25.39,26.92,38944801
17-Nov-20,20.44,22.88,19.68,20.96,92220073
18-Nov-20,32.62,34.74,32.46,33.93,86123263
19-Nov-20,22.54,22.71,21.21,22.86,72615961
20-Nov-20,27.42,29.98,27.02,28.2,71700191
21-Nov-20,26.68,26.92,25.33,25.85,71021768
22-Nov-20,19.73,20.44,19.53,20.21,39180055
23-Nov-20,22.38,25.17,21.57,23.05,88428489
24-Nov-20,30.1,32.4,28.29,29.79,41992788
25-Nov-20,22.15,23.92,21.35,22.69,28243074
26-Nov-20,24.91,25.98,24.45,24.86,81825145
27-Nov-20,28.43,29.99,26.88,27.16,59765562
28-Nov-20,23.65,25.27,21.81,21.99,27563891
29-Nov-20,18.97,20.59,17.63,18.11,55018701
30-Nov-20,25.32,27.5,24.49,26.31,80919628
1-Dec-20,32.11,32.61,30.94,31.46,40948147
2-Dec-20,32.38,32.51,30.45,31.04,69417724
3-Dec-20,21.1,23.4,19.24,19.96,78668917
4-Dec-20,18.29,19.14,16.51,16.74,91393886
5-Dec-20,27.71,29.78,26.29,27.32,29582073
6-Dec-20,29.97,32.95,29.95,30.28,42769231
7-Dec-20,31.7,33.72,31.63,32.14,68785457
8-Dec-20,25.7,27.2,25.41,25.62,63764286
9-Dec-20,25.45,26.86,24.09,24.14,77568493
10-Dec-20,30.09,32,28.79,30.58,81505456
11-Dec-20,23.98,24.66,22.72,24.57,87926288
12-Dec-20,19.77,22.75,18.63,18.86,23864552
13-Dec-20,33.47,33.84,31.67,32.3,74473499
14-Dec-20,32.6,34.53,30.94,32.62,81035679
15-Dec-20,21.33,23.18,20.71,20.99,85187456
16-Dec-20,19.57,21.71,18.77,20.69,70227514
17-Dec-20,21.21,23.58,20.51,21.56,72062932
18-Dec-20,30.47,33.32,28.58,28.93,45805537
19-Dec-20,27.28,29.39,26.86,27.6,31616362
20-Dec-20,23.32,23.46,21.97,23.97,58447559
21-Dec-20,18.35,21.23,17.19,18.59,76292295
22-Dec-20,30.11,31.75,29.07,29.15,86328764
23-Dec-20,25.92,27.76,24.88,25.03,71516323
24-Dec-20,26.48,26.57,24.62,24.64,44060532